"Produkt ID";"Bezug";"Name";"MPN";"Kategorienamen (x,y,z...)";"Standard-Kategoriename";"Zusammenfassung";"Beschreibung";"Preis (ohne Steuern)";"Unit Price";"Einheit";"Bild-URLs (x,y,z...)";"Markenname";"Features (Name~Value~Custom) (x,y,z...)";"Menge";"Anhangsnamen (x,y,z...)";"Anhang-URLs (x,y,z...)";"Verwandte Produkt-IDs (x,y,z...)"
"92";"test";"test";"5081000538";"Expando TCP-V0";"Expando TCP-V0";"<p style=""text-align:justify;"">Expando TCP-V0 ist ein flexibler und stauchbarer Geflechtschlauch aus modifiziertem Polyester. Expando TCP-V0 eignet sich bestens als mechanischer Schutz und zur Bündelung von Kabelbäumen, Schläuchen und Leitungen. Das Rohmaterial ist nach Norm UL 94 klassifiziert und bietet hervorragende flammwidrige Eigenschaften.</p>
<p style=""text-align:justify;"">Die hohe Stauchbarkeit des Geflechts garantiert einfachste Montage, auch über schon montierte Steckverbinder. Neben vielen weiteren Einsatzmöglichkeiten eignet sich der TCP-V0 Geflechtschlauch dank EN 45545-2 auch für Bahnanwendungen.</p>";"<h3>Eigenschaften und Nutzen</h3>
<ul>
<li>Aufdehnbarkeit 1:2</li>
<li>Temperaturbereich: -50°C bis +150°C</li>
<li>Schützt vor Abrieb</li>
<li>EN 45545-2</li>
<li>ASTM E-162 / E-662</li>
<li>UL 94 V0 (Rohmaterial)</li>
<li>Flexibel</li>
<li>Halogenfrei</li>
<li>flammwidrig</li>
</ul>";"160";"120.00003";"Pro 50m";"http://ray.com.dedi4095.your-server.de/img/p/1/4/8/1/1481.jpg,http://ray.com.dedi4095.your-server.de/img/p/1/4/8/2/1482.jpg,http://ray.com.dedi4095.your-server.de/img/p/1/4/8/3/1483.jpg";"Federal Mogul - Systems Protection - Bentley Harris";"Durchmesser minimum~448mm~0,Durchmesser maximum~12mm~0,Betriebstemperatur~-50°C bis +150°C~0,Farbe~Schwarz mit grauem Kennfaden~0,Material~Polyester (modifiziert)~0,Funktionsweise~Geflechtschlauch aufdehnbar~0,Gewicht~auf Anfrage~0,Halogenfrei~Ja~0,Flammwidrig~Ja~0,Aufdehnbarkeit~1 zu 2~0,Bahnzulassung~Ja - EN 45545-2~0,Hersteller~Federal Mogul - Systems Protection~0,Abriebschutz~Ja~0,Alias~5081000538~1,Serie~Expando TCP-V0~0,UL~Ja - UL 94 V0 (Rohmaterial)~0,EN 45545-2~Ja~0";"120";"Datenblatt TCP-V0";"http://ray.com.dedi4095.your-server.de/de/module/ipcatalogexportimport/getAttachment?id_attachment=12";""
