"Combination ID";"Combination Reference";"Product ID";"Product Reference";"Product Name";"Attribute Type (x,y,z...)";"Attribute Name (x,y,z...)";"Attribute Public Name (x,y,z...)";"Value:Color / Value (x,y,z...)";"Supplier Reference";"Location";"EAN13";"UPC";"ISBN";"MPN";"Cost (Wholesale) Price";"Impact on Price";"Impact on Unit Price";"Ecotax";"Quantity";"Minimal Quantity";"Low Stock Level";"Low Stock Alert (0 = No, 1 = Yes)";"Impact on Weight";"Is Default (0 = No, 1 = Yes)";"Availability Date";"Image URLs (x,y,z...)";"Image Alt Texts (x,y,z...)";"Action When out of Stock";"Warehouses (Reference:Name:Location) (x,y,z...)"
"";"";"51,52";"test refferecne1";"";"color,radio,color,radio";"frame,Shape,size,Type";"frame,shape,size,Type";"none:#62ff43,square,11x11,canvas";"";"";"";"";"";"";"0";"0";"0";"0";"5";"1";"";"0";"0";"1";"0000-00-00";"";"";"2";""
"";"";"51,52";"test refferecne2";"";"color,radio,color,radio";"frame,Shape,size,Type";"frame,shape,size,Type";"natural-wood:#ffd083,square,11x11,canvas";"";"";"";"";"";"";"0";"0";"0";"0";"5";"1";"";"0";"0";"";"0000-00-00";"";"";"2";""
"";"";"51,52";"test refferecne3";"";"color,radio,color,radio";"frame,Shape,size,Type";"frame,shape,size,Type";"dark-wood:#ce6600,square,11x11,canvas";"";"";"";"";"";"";"0";"0";"0";"0";"5";"1";"";"0";"0";"";"0000-00-00";"";"";"2";""
"";"";"51,52";"test refferecne4";"";"color,radio,color,radio";"frame,Shape,size,Type";"frame,shape,size,Type";"charcol-black:#3b1200,square,11x11,canvas";"";"";"";"";"";"";"0";"0";"0";"0";"5";"1";"";"0";"0";"";"0000-00-00";"";"";"2";""
"";"";"51,52";"test refferecne5";"";"color,radio,color,radio";"frame,Shape,size,Type";"frame,shape,size,Type";"charcol-white:#e3fffe,square,11x11,canvas";"";"";"";"";"";"";"0";"0";"0";"0";"5";"1";"";"0";"0";"";"0000-00-00";"";"";"2";""
"";"";"51,52";"test refferecne6";"";"color,radio,color,radio";"frame,Shape,size,Type";"frame,shape,size,Type";"pine-wood:#a3afff,square,11x11,canvas";"";"";"";"";"";"";"0";"0";"0";"0";"5";"1";"";"0";"0";"";"0000-00-00";"";"";"2";""
"";"";"51,52";"test refferecne7";"";"color,radio,color,radio";"frame,Shape,size,Type";"frame,shape,size,Type";"none:#62ff43,square,16x16,canvas";"";"";"";"";"";"";"0";"0";"0";"0";"5";"1";"";"0";"0";"";"0000-00-00";"";"";"2";""
"";"";"51,52";"test refferecne8";"";"color,radio,color,radio";"frame,Shape,size,Type";"frame,shape,size,Type";"natural-wood:#ffd083,square,16x16,canvas";"";"";"";"";"";"";"0";"0";"0";"0";"5";"1";"";"0";"0";"";"0000-00-00";"";"";"2";""
"";"";"51,52";"test refferecne9";"";"color,radio,color,radio";"frame,Shape,size,Type";"frame,shape,size,Type";"dark-wood:#ce6600,square,16x16,canvas";"";"";"";"";"";"";"0";"0";"0";"0";"5";"1";"";"0";"0";"";"0000-00-00";"";"";"2";""
"";"";"51,52";"test refferecne10";"";"color,radio,color,radio";"frame,Shape,size,Type";"frame,shape,size,Type";"charcol-black:#3b1200,square,16x16,canvas";"";"";"";"";"";"";"0";"0";"0";"0";"5";"1";"";"0";"0";"";"0000-00-00";"";"";"2";""
"";"";"51,52";"test refferecne11";"";"color,radio,color,radio";"frame,Shape,size,Type";"frame,shape,size,Type";"charcol-white:#e3fffe,square,16x16,canvas";"";"";"";"";"";"";"0";"0";"0";"0";"5";"1";"";"0";"0";"";"0000-00-00";"";"";"2";""
"";"";"51,52";"test refferecne12";"";"color,radio,color,radio";"frame,Shape,size,Type";"frame,shape,size,Type";"pine-wood:#a3afff,square,16x16,canvas";"";"";"";"";"";"";"0";"0";"0";"0";"5";"1";"";"0";"0";"";"0000-00-00";"";"";"2";""
"";"";"51,52";"test refferecne13";"";"color,radio,color,radio";"frame,Shape,size,Type";"frame,shape,size,Type";"none:#62ff43,square,20x20,canvas";"";"";"";"";"";"";"0";"0";"0";"0";"5";"1";"";"0";"0";"";"0000-00-00";"";"";"2";""
"";"";"51,52";"test refferecne14";"";"color,radio,color,radio";"frame,Shape,size,Type";"frame,shape,size,Type";"natural-wood:#ffd083,square,20x20,canvas";"";"";"";"";"";"";"0";"0";"0";"0";"5";"1";"";"0";"0";"";"0000-00-00";"";"";"2";""
"";"";"51,52";"test refferecne15";"";"color,radio,color,radio";"frame,Shape,size,Type";"frame,shape,size,Type";"dark-wood:#ce6600,square,20x20,canvas";"";"";"";"";"";"";"0";"0";"0";"0";"5";"1";"";"0";"0";"";"0000-00-00";"";"";"2";""
"";"";"51,52";"test refferecne16";"";"color,radio,color,radio";"frame,Shape,size,Type";"frame,shape,size,Type";"charcol-black:#3b1200,square,20x20,canvas";"";"";"";"";"";"";"0";"0";"0";"0";"5";"1";"";"0";"0";"";"0000-00-00";"";"";"2";""
"";"";"51,52";"test refferecne17";"";"color,radio,color,radio";"frame,Shape,size,Type";"frame,shape,size,Type";"charcol-white:#e3fffe,square,20x20,canvas";"";"";"";"";"";"";"0";"0";"0";"0";"5";"1";"";"0";"0";"";"0000-00-00";"";"";"2";""
"";"";"51,52";"test refferecne18";"";"color,radio,color,radio";"frame,Shape,size,Type";"frame,shape,size,Type";"pine-wood:#a3afff,square,20x20,canvas";"";"";"";"";"";"";"0";"0";"0";"0";"5";"1";"";"0";"0";"";"0000-00-00";"";"";"2";""
"";"";"51,52";"test refferecne19";"";"color,radio,color,radio";"frame,Shape,size,Type";"frame,shape,size,Type";"none:#62ff43,square,24x24,canvas";"";"";"";"";"";"";"0";"0";"0";"0";"5";"1";"";"0";"0";"";"0000-00-00";"";"";"2";""
"";"";"51,52";"test refferecne20";"";"color,radio,color,radio";"frame,Shape,size,Type";"frame,shape,size,Type";"natural-wood:#ffd083,square,24x24,canvas";"";"";"";"";"";"";"0";"0";"0";"0";"5";"1";"";"0";"0";"";"0000-00-00";"";"";"2";""
"";"";"51,52";"test refferecne21";"";"color,radio,color,radio";"frame,Shape,size,Type";"frame,shape,size,Type";"dark-wood:#ce6600,square,24x24,canvas";"";"";"";"";"";"";"0";"0";"0";"0";"5";"1";"";"0";"0";"";"0000-00-00";"";"";"2";""
"";"";"51,52";"test refferecne22";"";"color,radio,color,radio";"frame,Shape,size,Type";"frame,shape,size,Type";"charcol-black:#3b1200,square,24x24,canvas";"";"";"";"";"";"";"0";"0";"0";"0";"5";"1";"";"0";"0";"";"0000-00-00";"";"";"2";""
"";"";"51,52";"test refferecne23";"";"color,radio,color,radio";"frame,Shape,size,Type";"frame,shape,size,Type";"charcol-white:#e3fffe,square,24x24,canvas";"";"";"";"";"";"";"0";"0";"0";"0";"5";"1";"";"0";"0";"";"0000-00-00";"";"";"2";""
"";"";"51,52";"test refferecne24";"";"color,radio,color,radio";"frame,Shape,size,Type";"frame,shape,size,Type";"pine-wood:#a3afff,square,24x24,canvas";"";"";"";"";"";"";"0";"0";"0";"0";"5";"1";"";"0";"0";"";"0000-00-00";"";"";"2";""
"";"";"51,52";"test refferecne25";"";"color,radio,color,radio";"frame,Shape,size,Type";"frame,shape,size,Type";"none:#62ff43,square,30x30,canvas";"";"";"";"";"";"";"0";"0";"0";"0";"5";"1";"";"0";"0";"";"0000-00-00";"";"";"2";""
"";"";"51,52";"test refferecne26";"";"color,radio,color,radio";"frame,Shape,size,Type";"frame,shape,size,Type";"natural-wood:#ffd083,square,30x30,canvas";"";"";"";"";"";"";"0";"0";"0";"0";"5";"1";"";"0";"0";"";"0000-00-00";"";"";"2";""
"";"";"51,52";"test refferecne27";"";"color,radio,color,radio";"frame,Shape,size,Type";"frame,shape,size,Type";"dark-wood:#ce6600,square,30x30,canvas";"";"";"";"";"";"";"0";"0";"0";"0";"5";"1";"";"0";"0";"";"0000-00-00";"";"";"2";""
"";"";"51,52";"test refferecne28";"";"color,radio,color,radio";"frame,Shape,size,Type";"frame,shape,size,Type";"charcol-black:#3b1200,square,30x30,canvas";"";"";"";"";"";"";"0";"0";"0";"0";"5";"1";"";"0";"0";"";"0000-00-00";"";"";"2";""
"";"";"51,52";"test refferecne29";"";"color,radio,color,radio";"frame,Shape,size,Type";"frame,shape,size,Type";"charcol-white:#e3fffe,square,30x30,canvas";"";"";"";"";"";"";"0";"0";"0";"0";"5";"1";"";"0";"0";"";"0000-00-00";"";"";"2";""
"";"";"51,52";"test refferecne30";"";"color,radio,color,radio";"frame,Shape,size,Type";"frame,shape,size,Type";"pine-wood:#a3afff,square,30x30,canvas";"";"";"";"";"";"";"0";"0";"0";"0";"5";"1";"";"0";"0";"";"0000-00-00";"";"";"2";""
"";"";"51,52";"test refferecne31";"";"color,radio,color,radio";"frame,Shape,size,Type";"frame,shape,size,Type";"none:#62ff43,square,36x36,canvas";"";"";"";"";"";"";"0";"0";"0";"0";"5";"1";"";"0";"0";"";"0000-00-00";"";"";"2";""
"";"";"51,52";"test refferecne32";"";"color,radio,color,radio";"frame,Shape,size,Type";"frame,shape,size,Type";"natural-wood:#ffd083,square,36x36,canvas";"";"";"";"";"";"";"0";"0";"0";"0";"5";"1";"";"0";"0";"";"0000-00-00";"";"";"2";""
"";"";"51,52";"test refferecne33";"";"color,radio,color,radio";"frame,Shape,size,Type";"frame,shape,size,Type";"dark-wood:#ce6600,square,36x36,canvas";"";"";"";"";"";"";"0";"0";"0";"0";"5";"1";"";"0";"0";"";"0000-00-00";"";"";"2";""
"";"";"51,52";"test refferecne34";"";"color,radio,color,radio";"frame,Shape,size,Type";"frame,shape,size,Type";"charcol-black:#3b1200,square,36x36,canvas";"";"";"";"";"";"";"0";"0";"0";"0";"5";"1";"";"0";"0";"";"0000-00-00";"";"";"2";""
"";"";"51,52";"test refferecne35";"";"color,radio,color,radio";"frame,Shape,size,Type";"frame,shape,size,Type";"charcol-white:#e3fffe,square,36x36,canvas";"";"";"";"";"";"";"0";"0";"0";"0";"5";"1";"";"0";"0";"";"0000-00-00";"";"";"2";""
"";"";"51,52";"test refferecne36";"";"color,radio,color,radio";"frame,Shape,size,Type";"frame,shape,size,Type";"pine-wood:#a3afff,square,36x36,canvas";"";"";"";"";"";"";"0";"0";"0";"0";"5";"1";"";"0";"0";"";"0000-00-00";"";"";"2";""
"";"";"51,52";"test refferecne37";"";"color,radio,color,radio";"frame,Shape,size,Type";"frame,shape,size,Type";"none:#62ff43,square,11x11,fine-art-paper";"";"";"";"";"";"";"0";"0";"0";"0";"5";"1";"";"0";"0";"";"0000-00-00";"";"";"2";""
"";"";"51,52";"test refferecne38";"";"color,radio,color,radio";"frame,Shape,size,Type";"frame,shape,size,Type";"natural-wood:#ffd083,square,11x11,fine-art-paper";"";"";"";"";"";"";"0";"0";"0";"0";"5";"1";"";"0";"0";"";"0000-00-00";"";"";"2";""
"";"";"51,52";"test refferecne39";"";"color,radio,color,radio";"frame,Shape,size,Type";"frame,shape,size,Type";"dark-wood:#ce6600,square,11x11,fine-art-paper";"";"";"";"";"";"";"0";"0";"0";"0";"5";"1";"";"0";"0";"";"0000-00-00";"";"";"2";""
"";"";"51,52";"test refferecne40";"";"color,radio,color,radio";"frame,Shape,size,Type";"frame,shape,size,Type";"charcol-black:#3b1200,square,11x11,fine-art-paper";"";"";"";"";"";"";"0";"0";"0";"0";"5";"1";"";"0";"0";"";"0000-00-00";"";"";"2";""
"";"";"51,52";"test refferecne41";"";"color,radio,color,radio";"frame,Shape,size,Type";"frame,shape,size,Type";"charcol-white:#e3fffe,square,11x11,fine-art-paper";"";"";"";"";"";"";"0";"0";"0";"0";"5";"1";"";"0";"0";"";"0000-00-00";"";"";"2";""
"";"";"51,52";"test refferecne42";"";"color,radio,color,radio";"frame,Shape,size,Type";"frame,shape,size,Type";"pine-wood:#a3afff,square,11x11,fine-art-paper";"";"";"";"";"";"";"0";"0";"0";"0";"5";"1";"";"0";"0";"";"0000-00-00";"";"";"2";""
"";"";"51,52";"test refferecne43";"";"color,radio,color,radio";"frame,Shape,size,Type";"frame,shape,size,Type";"none:#62ff43,square,16x16,fine-art-paper";"";"";"";"";"";"";"0";"0";"0";"0";"5";"1";"";"0";"0";"";"0000-00-00";"";"";"2";""
"";"";"51,52";"test refferecne44";"";"color,radio,color,radio";"frame,Shape,size,Type";"frame,shape,size,Type";"natural-wood:#ffd083,square,16x16,fine-art-paper";"";"";"";"";"";"";"0";"0";"0";"0";"5";"1";"";"0";"0";"";"0000-00-00";"";"";"2";""
"";"";"51,52";"test refferecne45";"";"color,radio,color,radio";"frame,Shape,size,Type";"frame,shape,size,Type";"dark-wood:#ce6600,square,16x16,fine-art-paper";"";"";"";"";"";"";"0";"0";"0";"0";"5";"1";"";"0";"0";"";"0000-00-00";"";"";"2";""
"";"";"51,52";"test refferecne46";"";"color,radio,color,radio";"frame,Shape,size,Type";"frame,shape,size,Type";"charcol-black:#3b1200,square,16x16,fine-art-paper";"";"";"";"";"";"";"0";"0";"0";"0";"5";"1";"";"0";"0";"";"0000-00-00";"";"";"2";""
"";"";"51,52";"test refferecne47";"";"color,radio,color,radio";"frame,Shape,size,Type";"frame,shape,size,Type";"charcol-white:#e3fffe,square,16x16,fine-art-paper";"";"";"";"";"";"";"0";"0";"0";"0";"5";"1";"";"0";"0";"";"0000-00-00";"";"";"2";""
"";"";"51,52";"test refferecne48";"";"color,radio,color,radio";"frame,Shape,size,Type";"frame,shape,size,Type";"pine-wood:#a3afff,square,16x16,fine-art-paper";"";"";"";"";"";"";"0";"0";"0";"0";"5";"1";"";"0";"0";"";"0000-00-00";"";"";"2";""
"";"";"51,52";"test refferecne49";"";"color,radio,color,radio";"frame,Shape,size,Type";"frame,shape,size,Type";"none:#62ff43,square,20x20,fine-art-paper";"";"";"";"";"";"";"0";"0";"0";"0";"5";"1";"";"0";"0";"";"0000-00-00";"";"";"2";""
"";"";"51,52";"test refferecne50";"";"color,radio,color,radio";"frame,Shape,size,Type";"frame,shape,size,Type";"natural-wood:#ffd083,square,20x20,fine-art-paper";"";"";"";"";"";"";"0";"0";"0";"0";"5";"1";"";"0";"0";"";"0000-00-00";"";"";"2";""
"";"";"51,52";"test refferecne51";"";"color,radio,color,radio";"frame,Shape,size,Type";"frame,shape,size,Type";"dark-wood:#ce6600,square,20x20,fine-art-paper";"";"";"";"";"";"";"0";"0";"0";"0";"5";"1";"";"0";"0";"";"0000-00-00";"";"";"2";""
"";"";"51,52";"test refferecne52";"";"color,radio,color,radio";"frame,Shape,size,Type";"frame,shape,size,Type";"charcol-black:#3b1200,square,20x20,fine-art-paper";"";"";"";"";"";"";"0";"0";"0";"0";"5";"1";"";"0";"0";"";"0000-00-00";"";"";"2";""
"";"";"51,52";"test refferecne53";"";"color,radio,color,radio";"frame,Shape,size,Type";"frame,shape,size,Type";"charcol-white:#e3fffe,square,20x20,fine-art-paper";"";"";"";"";"";"";"0";"0";"0";"0";"5";"1";"";"0";"0";"";"0000-00-00";"";"";"2";""
"";"";"51,52";"test refferecne54";"";"color,radio,color,radio";"frame,Shape,size,Type";"frame,shape,size,Type";"pine-wood:#a3afff,square,20x20,fine-art-paper";"";"";"";"";"";"";"0";"0";"0";"0";"5";"1";"";"0";"0";"";"0000-00-00";"";"";"2";""
"";"";"51,52";"test refferecne55";"";"color,radio,color,radio";"frame,Shape,size,Type";"frame,shape,size,Type";"none:#62ff43,square,24x24,fine-art-paper";"";"";"";"";"";"";"0";"0";"0";"0";"5";"1";"";"0";"0";"";"0000-00-00";"";"";"2";""
"";"";"51,52";"test refferecne56";"";"color,radio,color,radio";"frame,Shape,size,Type";"frame,shape,size,Type";"natural-wood:#ffd083,square,24x24,fine-art-paper";"";"";"";"";"";"";"0";"0";"0";"0";"5";"1";"";"0";"0";"";"0000-00-00";"";"";"2";""
"";"";"51,52";"test refferecne57";"";"color,radio,color,radio";"frame,Shape,size,Type";"frame,shape,size,Type";"dark-wood:#ce6600,square,24x24,fine-art-paper";"";"";"";"";"";"";"0";"0";"0";"0";"5";"1";"";"0";"0";"";"0000-00-00";"";"";"2";""
"";"";"51,52";"test refferecne58";"";"color,radio,color,radio";"frame,Shape,size,Type";"frame,shape,size,Type";"charcol-black:#3b1200,square,24x24,fine-art-paper";"";"";"";"";"";"";"0";"0";"0";"0";"5";"1";"";"0";"0";"";"0000-00-00";"";"";"2";""
"";"";"51,52";"test refferecne59";"";"color,radio,color,radio";"frame,Shape,size,Type";"frame,shape,size,Type";"charcol-white:#e3fffe,square,24x24,fine-art-paper";"";"";"";"";"";"";"0";"0";"0";"0";"5";"1";"";"0";"0";"";"0000-00-00";"";"";"2";""
"";"";"51,52";"test refferecne60";"";"color,radio,color,radio";"frame,Shape,size,Type";"frame,shape,size,Type";"pine-wood:#a3afff,square,24x24,fine-art-paper";"";"";"";"";"";"";"0";"0";"0";"0";"5";"1";"";"0";"0";"";"0000-00-00";"";"";"2";""
"";"";"51,52";"test refferecne61";"";"color,radio,color,radio";"frame,Shape,size,Type";"frame,shape,size,Type";"none:#62ff43,square,30x30,fine-art-paper";"";"";"";"";"";"";"0";"0";"0";"0";"5";"1";"";"0";"0";"";"0000-00-00";"";"";"2";""
"";"";"51,52";"test refferecne62";"";"color,radio,color,radio";"frame,Shape,size,Type";"frame,shape,size,Type";"natural-wood:#ffd083,square,30x30,fine-art-paper";"";"";"";"";"";"";"0";"0";"0";"0";"5";"1";"";"0";"0";"";"0000-00-00";"";"";"2";""
"";"";"51,52";"test refferecne63";"";"color,radio,color,radio";"frame,Shape,size,Type";"frame,shape,size,Type";"dark-wood:#ce6600,square,30x30,fine-art-paper";"";"";"";"";"";"";"0";"0";"0";"0";"5";"1";"";"0";"0";"";"0000-00-00";"";"";"2";""
"";"";"51,52";"test refferecne64";"";"color,radio,color,radio";"frame,Shape,size,Type";"frame,shape,size,Type";"charcol-black:#3b1200,square,30x30,fine-art-paper";"";"";"";"";"";"";"0";"0";"0";"0";"5";"1";"";"0";"0";"";"0000-00-00";"";"";"2";""
"";"";"51,52";"test refferecne65";"";"color,radio,color,radio";"frame,Shape,size,Type";"frame,shape,size,Type";"charcol-white:#e3fffe,square,30x30,fine-art-paper";"";"";"";"";"";"";"0";"0";"0";"0";"5";"1";"";"0";"0";"";"0000-00-00";"";"";"2";""
"";"";"51,52";"test refferecne66";"";"color,radio,color,radio";"frame,Shape,size,Type";"frame,shape,size,Type";"pine-wood:#a3afff,square,30x30,fine-art-paper";"";"";"";"";"";"";"0";"0";"0";"0";"5";"1";"";"0";"0";"";"0000-00-00";"";"";"2";""
"";"";"51,52";"test refferecne67";"";"color,radio,color,radio";"frame,Shape,size,Type";"frame,shape,size,Type";"none:#62ff43,square,36x36,fine-art-paper";"";"";"";"";"";"";"0";"0";"0";"0";"5";"1";"";"0";"0";"";"0000-00-00";"";"";"2";""
"";"";"51,52";"test refferecne68";"";"color,radio,color,radio";"frame,Shape,size,Type";"frame,shape,size,Type";"natural-wood:#ffd083,square,36x36,fine-art-paper";"";"";"";"";"";"";"0";"0";"0";"0";"5";"1";"";"0";"0";"";"0000-00-00";"";"";"2";""
"";"";"51,52";"test refferecne69";"";"color,radio,color,radio";"frame,Shape,size,Type";"frame,shape,size,Type";"dark-wood:#ce6600,square,36x36,fine-art-paper";"";"";"";"";"";"";"0";"0";"0";"0";"5";"1";"";"0";"0";"";"0000-00-00";"";"";"2";""
"";"";"51,52";"test refferecne70";"";"color,radio,color,radio";"frame,Shape,size,Type";"frame,shape,size,Type";"charcol-black:#3b1200,square,36x36,fine-art-paper";"";"";"";"";"";"";"0";"0";"0";"0";"5";"1";"";"0";"0";"";"0000-00-00";"";"";"2";""
"";"";"51,52";"test refferecne71";"";"color,radio,color,radio";"frame,Shape,size,Type";"frame,shape,size,Type";"charcol-white:#e3fffe,square,36x36,fine-art-paper";"";"";"";"";"";"";"0";"0";"0";"0";"5";"1";"";"0";"0";"";"0000-00-00";"";"";"2";""
"";"";"51,52";"test refferecne72";"";"color,radio,color,radio";"frame,Shape,size,Type";"frame,shape,size,Type";"pine-wood:#a3afff,square,36x36,fine-art-paper";"";"";"";"";"";"";"0";"0";"0";"0";"5";"1";"";"0";"0";"";"0000-00-00";"";"";"2";""
